<?xml version="1.0" encoding="UTF-8"?>
<jcr:root xmlns:sling="http://sling.apache.org/jcr/sling/1.0" xmlns:cq="http://www.day.com/jcr/cq/1.0" xmlns:jcr="http://www.jcp.org/jcr/1.0" xmlns:nt="http://www.jcp.org/jcr/nt/1.0"
    jcr:isCheckedOut="{Boolean}false"
    jcr:primaryType="cq:WorkflowModel"
    jcr:uuid="2187ff38-c52d-4f03-96ba-46471ee91e7b"
    sling:resourceType="cq/workflow/components/model"
    description="No Description"
    title="POC Sub Workflow L2">
    <metaData
        cq:generatingPage="/conf/global/settings/workflow/models/poc-sub-workflow-l2/jcr:content"
        cq:lastModified="{Long}1634651038247"
        cq:lastModifiedBy="admin"
        jcr:primaryType="nt:unstructured"/>
    <nodes jcr:primaryType="nt:unstructured">
        <node0
            jcr:primaryType="cq:WorkflowNode"
            title="Start"
            type="START">
            <metaData jcr:primaryType="nt:unstructured"/>
        </node0>
        <node1
            jcr:primaryType="cq:WorkflowNode"
            title="Process"
            type="PROCESS">
            <metaData
                jcr:primaryType="nt:unstructured"
                PROCESS="/libs/workflow/scripts/noop.ecma"
                PROCESS_AUTO_ADVANCE="true"/>
        </node1>
        <node2
            jcr:primaryType="cq:WorkflowNode"
            title="Container L3"
            type="CONTAINER">
            <metaData
                jcr:primaryType="nt:unstructured"
                CONTAINER="/var/workflow/models/poc-sub-workflow-l3"/>
        </node2>
        <node3
            jcr:primaryType="cq:WorkflowNode"
            title="Container L32"
            type="CONTAINER">
            <metaData
                jcr:primaryType="nt:unstructured"
                CONTAINER="/var/workflow/models/poc-sub-workflow-l32"/>
        </node3>
        <node4
            jcr:primaryType="cq:WorkflowNode"
            title="End"
            type="END">
            <metaData jcr:primaryType="nt:unstructured"/>
        </node4>
    </nodes>
    <transitions jcr:primaryType="nt:unstructured">
        <node0_x0023_node1
            jcr:primaryType="cq:WorkflowTransition"
            from="node0"
            rule=""
            to="node1">
            <metaData jcr:primaryType="nt:unstructured"/>
        </node0_x0023_node1>
        <node1_x0023_node2
            jcr:primaryType="cq:WorkflowTransition"
            from="node1"
            rule=""
            to="node2">
            <metaData jcr:primaryType="nt:unstructured"/>
        </node1_x0023_node2>
        <node2_x0023_node3
            jcr:primaryType="cq:WorkflowTransition"
            from="node2"
            rule=""
            to="node3">
            <metaData jcr:primaryType="nt:unstructured"/>
        </node2_x0023_node3>
        <node3_x0023_node4
            jcr:primaryType="cq:WorkflowTransition"
            from="node3"
            to="node4">
            <metaData jcr:primaryType="nt:unstructured"/>
        </node3_x0023_node4>
    </transitions>
</jcr:root>
