<?xml version="1.0" encoding="UTF-8"?>
<jcr:root xmlns:sling="http://sling.apache.org/jcr/sling/1.0" xmlns:cq="http://www.day.com/jcr/cq/1.0" xmlns:jcr="http://www.jcp.org/jcr/1.0" xmlns:nt="http://www.jcp.org/jcr/nt/1.0"
    jcr:isCheckedOut="{Boolean}false"
    jcr:primaryType="cq:WorkflowModel"
    jcr:uuid="b3529926-3115-40c1-9a27-1da1c8f937bb"
    sling:resourceType="cq/workflow/components/model"
    description="No Description"
    title="POC  Workflow 1">
    <variables jcr:primaryType="nt:unstructured">
        <var1
            jcr:primaryType="nt:unstructured"
            defaultValue="test"
            name="var1"
            type="java.lang.String"/>
    </variables>
    <metaData
        cq:generatingPage="/conf/global/settings/workflow/models/poc--workflow-1/jcr:content"
        cq:lastModified="{Long}1634299290272"
        cq:lastModifiedBy="admin"
        jcr:primaryType="nt:unstructured"/>
    <nodes jcr:primaryType="nt:unstructured">
        <node0
            jcr:primaryType="cq:WorkflowNode"
            title="Start"
            type="START">
            <metaData jcr:primaryType="nt:unstructured"/>
        </node0>
        <node1
            jcr:primaryType="cq:WorkflowNode"
            title="Process"
            type="PROCESS">
            <metaData
                jcr:primaryType="nt:unstructured"
                PROCESS="/libs/workflow/scripts/noop.ecma"
                PROCESS_AUTO_ADVANCE="true"/>
        </node1>
        <node2
            jcr:primaryType="cq:WorkflowNode"
            title="ECMA Process"
            type="PROCESS">
            <metaData
                jcr:primaryType="nt:unstructured"
                PROCESS="/etc/workflow/scripts/pocexception.ecma"
                PROCESS_AUTO_ADVANCE="true"/>
        </node2>
        <node3
            jcr:primaryType="cq:WorkflowNode"
            title="Handle Exception"
            type="PROCESS">
            <metaData
                jcr:primaryType="nt:unstructured"
                PROCESS="com.adobe.aem.guides.poc.core.workflow.process.ExceptionHandledProcess"
                PROCESS_AUTO_ADVANCE="true"/>
        </node3>
        <node4
            jcr:primaryType="cq:WorkflowNode"
            title="Throw Exception (Java Process)"
            type="PROCESS">
            <metaData
                jcr:primaryType="nt:unstructured"
                PROCESS="com.adobe.aem.guides.poc.core.workflow.process.ExceptionProcess"
                PROCESS_AUTO_ADVANCE="true"/>
        </node4>
        <node5
            jcr:primaryType="cq:WorkflowNode"
            title="End"
            type="END">
            <metaData jcr:primaryType="nt:unstructured"/>
        </node5>
    </nodes>
    <transitions jcr:primaryType="nt:unstructured">
        <node0_x0023_node1
            jcr:primaryType="cq:WorkflowTransition"
            from="node0"
            rule=""
            to="node1">
            <metaData jcr:primaryType="nt:unstructured"/>
        </node0_x0023_node1>
        <node1_x0023_node2
            jcr:primaryType="cq:WorkflowTransition"
            from="node1"
            rule=""
            to="node2">
            <metaData jcr:primaryType="nt:unstructured"/>
        </node1_x0023_node2>
        <node2_x0023_node3
            jcr:primaryType="cq:WorkflowTransition"
            from="node2"
            rule=""
            to="node3">
            <metaData jcr:primaryType="nt:unstructured"/>
        </node2_x0023_node3>
        <node3_x0023_node4
            jcr:primaryType="cq:WorkflowTransition"
            from="node3"
            rule=""
            to="node4">
            <metaData jcr:primaryType="nt:unstructured"/>
        </node3_x0023_node4>
        <node4_x0023_node5
            jcr:primaryType="cq:WorkflowTransition"
            from="node4"
            to="node5">
            <metaData jcr:primaryType="nt:unstructured"/>
        </node4_x0023_node5>
    </transitions>
</jcr:root>
